インターン生,,,1,名詞,一般,*,*,*,*,*,*,インターンセイ,インターンセイ
コアバリュー,,,1,名詞,一般,*,*,*,*,*,*,コアバリュー,コアバリュー
ミートアップ,,,1,名詞,一般,*,*,*,*,*,*,ミートアップ,ミートアップ
事業部長,,,1,名詞,一般,*,*,*,*,*,*,ジギョウブチョウ,ジギョウブチョウ
紹介動画,,,1,名詞,一般,*,*,*,*,*,*,ショウカイドウガ,ショウカイドウガ
転職活動,,,1,名詞,一般,*,*,*,*,*,*,テンショクカツドウ,テンショクカツドウ
カジュアル面談,,,1,名詞,一般,*,*,*,*,*,*,カジュアルメンダン,カジュアルメンダン
サイト運営,,,1,名詞,一般,*,*,*,*,*,*,サイトウンエイ,サイトウンエイ
メディア運営,,,1,名詞,一般,*,*,*,*,*,*,メディアウンエイ,メディアウンエイ
広告運用,,,1,名詞,一般,*,*,*,*,*,*,コウコクウンヨウ,コウコクウンヨウ
オフィス移転,,,1,名詞,一般,*,*,*,*,*,*,オフィスイテン,オフィスイテン
メディアグロース事業部,,,1,名詞,一般,*,*,*,*,*,*,メディアグロースジギョウブ,メディアグロースジギョウブ
動画マーケティング事業部,,,1,名詞,一般,*,*,*,*,*,*,ドウガマーケティングジギョウブ,ドウガマーケティングジギョウブ
動画マーケティング,,,1,名詞,一般,*,*,*,*,*,*,ドウガマーケティング,ドウガマーケティング
マーケティング事業部,,,1,名詞,一般,*,*,*,*,*,*,マーケティングジギョウブ,マーケティングジギョウブ
メディア事業部,,,1,名詞,一般,*,*,*,*,*,*,メディアジギョウブ,メディアジギョウブ
グロースハック事業部,,,1,名詞,一般,*,*,*,*,*,*,グロースハックジギョウブ,グロースハックジギョウブ
